number,editorial_year,publication_date,summary,url,text_file
0,Ano 1,1993,"Esta edição explora as diversas estratégias do NEMOC para a melhoria do ensino e aprendizagem de matemática. Este número examina a sistematização de estudos, a discussão sobre a matematização escolarização no Brasil e a importância dos livros paradidáticos no ensino da matemática.",http://www.nemoc.uefs.br/arquivos/File/Folhetim/Folhetim000.pdf,Folhetim000.txt
1,Ano 1,Ago. / 1993,"Esta edição aborda a divulgação de ideias e o estímulo ao estudo da Matemática sob uma perspectiva pedagógica, filosófica e histórica. Este volume examina a importância do esforço intelectual no aprendizado matemático e confronta as concepções dominantes sobre o ensino, refletindo os desafios históricos e estruturais da educação matemática.",http://www.nemoc.uefs.br/arquivos/File/Folhetim/Folhetim001.pdf,Folhetim001.txt
2,Ano 1,Ago. / 1993,"Esta edição aborda a criação do Núcleo de Educação Matemática Omar Catunda (NEMO) e suas finalidades, como realizar cursos, seminários e pesquisas sobre o ensino da matemática no Brasil. Este número explora a institucionalização do NEMO e a importância de estudos sobre livros didáticos e a função do conhecimento matemático na pré-escola.",http://www.nemoc.uefs.br/arquivos/File/Folhetim/Folhetim002.pdf,Folhetim002.txt
3,Ano 1,Ago. / 1993,"Esta edição aborda a introdução ao conceito de Topologia como um ramo da Matemática, contrastando-o com a Geometria Projetiva e Descritiva. Explora a distinção entre perguntas quantitativas e qualitativas, focando em noções topológicas como vizinhança, interior e exterior.",http://www.nemoc.uefs.br/arquivos/File/Folhetim/Folhetim003.pdf,Folhetim003.txt
4,Ano 1,Ago. / 1993,"Esta edição aborda a discussão sobre o ensino de matemática para professores do 1º e 2º graus, focando na introdução da Topologia como um ramo que se preocupa com o aspecto qualitativo dos objetos, independente da medida numérica.",http://www.nemoc.uefs.br/arquivos/File/Folhetim/Folhetim004.pdf,Folhetim004.txt
5,Ano 1,Set. / 1993,"Esta edição aborda a natureza histórica e conceitual dos números, explorando o status do zero como número natural e discutindo a importância da clareza pedagógica frente ao rigor no ensino da Matemática.",http://www.nemoc.uefs.br/arquivos/File/Folhetim/Folhetim005.pdf,Folhetim005.txt
6,Ano 1,Set. / 1993,"Esta edição aborda as dificuldades pedagógicas na introdução do conceito de conjunto vazio para crianças e a relação entre a história da matemática, ação e compreensão. Este número explora como o aprendizado dos conceitos deve se desenvolver gradualmente, evitando traumas psicológicos e focando na experiência prática.",http://www.nemoc.uefs.br/arquivos/File/Folhetim/Folhetim006.pdf,Folhetim006.txt
7,Ano 1,Set. / 1993,"Esta edição explora a contextualização da matemática através de exemplos práticos, como a regra dos sinais e o conceito de números primos. O texto utiliza a situação do dinheiro para ilustrar operações com números positivos e negativos, buscando estimular a curiosidade intelectual dos estudantes.",http://www.nemoc.uefs.br/arquivos/File/Folhetim/Folhetim007.pdf,Folhetim007.txt
8,Ano 1,Set. / 1993,"Esta edição aborda a natureza da Matemática como ciência, questionando sua exatidão e o papel do caminho histórico no desenvolvimento do conhecimento matemático. Este número explora a necessidade de adotar uma perspectiva empática para avaliar o conhecimento, buscando superar referenciais privilegiados e promover a compreensão mútua entre os indivíduos.",http://www.nemoc.uefs.br/arquivos/File/Folhetim/Folhetim008.pdf,Folhetim008.txt
9,Ano 1,Set. / 1993,"Esta edição aborda a origem da matemática como ciência, explorando o mito do milagre grego e as influências culturais na história da matemática. Este número explora como a perspectiva eurocêntrica moldou o desenvolvimento matemático, citando historiadores e matemáticos para analisar a evolução do pensamento científico.",http://www.nemoc.uefs.br/arquivos/File/Folhetim/Folhetim009.pdf,Folhetim009.txt
10,Ano 1,Out. / 1993,"Esta edição aborda a natureza da Teoria dos Conjuntos, defendendo o estudo do infinito em vez de terminologias complexas. Este número explora a relação entre consistência matemática e a reflexão sobre a realidade, questionando as bases filosóficas das teorias matemáticas.",http://www.nemoc.uefs.br/arquivos/File/Folhetim/Folhetim010.pdf,Folhetim010.txt
11,Ano 1,Out. / 1993,"Esta edição aborda a história e o significado da Medalha Fields, um prêmio de grande prestígio em Matemática. Este número explora a relação entre matemática, abstração e outras áreas do conhecimento, como arte e filosofia, buscando uma compreensão complementar da realidade.",http://www.nemoc.uefs.br/arquivos/File/Folhetim/Folhetim011.pdf,Folhetim011.txt
12,Ano 1,Out. / 1993,"Esta edição aborda a natureza da consistência matemática, explorando conceitos como radiciação e o Teorema Fundamental da Álgebra de Gauss. Este número explora a importância do desenvolvimento do pensamento matemático e a necessidade de um referencial pedagógico centrado no aluno para uma aprendizagem eficaz.",http://www.nemoc.uefs.br/arquivos/File/Folhetim/Folhetim012.pdf,Folhetim012.txt
13,Ano 1,Out. / 1993,"Esta edição aborda a metodologia de ensino da matemática, focando na importância do aprendizado através dos erros e contraexemplos para o desenvolvimento do raciocínio. O texto explora como introduzir conceitos matemáticos, como potências, utilizando exemplos concretos e a busca pela dúvida como motor da aprendizagem.",http://www.nemoc.uefs.br/arquivos/File/Folhetim/Folhetim013.pdf,Folhetim013.txt
14,Ano 1,Nov. / 1993,"Esta edição aborda a questão da soma com infinitas parcelas e o resultado finito, explorando as tensões entre realismo (Matemática como descoberta das essências) e construtivismo (Matemática como livre criação da mente humana). Este número examina os fundamentos filosóficos que moldam a percepção matemática.",http://www.nemoc.uefs.br/arquivos/File/Folhetim/Folhetim014.pdf,Folhetim014.txt
15,Ano 1,Nov. / 1993,"Esta edição aborda a origem dos princípios lógicos, como identidade, contradição e terceiro excluído, discutindo a lógica clássica e o papel da convenção na matemática. Este número explora como as teorias científicas foram influenciadas por conceitos matemáticos e a visão de Poincaré sobre a geometria.",http://www.nemoc.uefs.br/arquivos/File/Folhetim/Folhetim015.pdf,Folhetim015.txt
16,Ano 1,Nov. / 1993,"Esta edição aborda a origem do conceito de função, rastreando suas raízes históricas e as contribuições de matemáticos como Oresme e Leibniz. Este número explora como a História da Matemática pode servir como guia pedagógico para revelar o lado humano da ciência, contrastando com métodos didáticos simplistas.",http://www.nemoc.uefs.br/arquivos/File/Folhetim/Folhetim016.pdf,Folhetim016.txt
17,Ano 1,Nov. / 1993,"Esta edição aborda a origem da Geometria Analítica, sua importância histórica e o contexto filosófico das inovações matemáticas do século XVII, como as contribuições de Descartes e Fermat. Este número explora também a cronologia do surgimento dos sinais matemáticos (mais, menos, maior, menor e igual), contextualizando o desenvolvimento da notação algébrica.",http://www.nemoc.uefs.br/arquivos/File/Folhetim/Folhetim017.pdf,Folhetim017.txt
18,Ano 1,Nov. / 1993,"Esta edição explora a origem e o desenvolvimento histórico do conceito de Álgebra, rastreando suas raízes no trabalho de Al-Khawarizmi e sua evolução da aritmética para as estruturas modernas, incluindo álgebra clássica e moderna.",http://www.nemoc.uefs.br/arquivos/File/Folhetim/Folhetim018.pdf,Folhetim018.txt
19,Ano 1,Dez. / 1993,"Esta edição aborda a Teoria dos Números, focando na divisão e o conceito de resto, exemplificado pela soma dos algarismos. Explora também a irracionalidade como ponto de crise histórica da Matemática, ligando-a à descoberta pitagórica.",http://www.nemoc.uefs.br/arquivos/File/Folhetim/Folhetim019.pdf,Folhetim019.txt
20,Ano 1,Dez. / 1993,"Esta edição aborda a interdependência entre Filosofia e Matemática, explorando como o saber matemático se desenvolve por meio de tentativas e erros, fantasia e a busca por um princípio único criador da pluralidade dos fenômenos.",http://www.nemoc.uefs.br/arquivos/File/Folhetim/Folhetim020.pdf,Folhetim020.txt
21,Ano 1,Dez. / 1993,"Esta edição aborda a história da base decimal e as diferentes bases utilizadas por povos antigos, como os egípcios, babilônios e pré-colombianos, explorando a evolução dos sistemas numéricos e suas implicações conceituais.",http://www.nemoc.uefs.br/arquivos/File/Folhetim/Folhetim021.pdf,Folhetim021.txt
22,Ano 1,Dez. / 1993,"Esta edição aborda a discussão sobre o uso de ponto e vírgula na escrita de numerais, contrastando as normas brasileiras com as dos Estados Unidos e a questão da natureza da Matemática como ciência. Este número explora a relação entre notação matemática, metrologia e a percepção do público.",http://www.nemoc.uefs.br/arquivos/File/Folhetim/Folhetim022.pdf,Folhetim022.txt
23,Ano 1,Jan. / 1994,"Esta edição aborda a relação entre representações geométricas de produtos notáveis e os critérios de divisibilidade, explorando conceitos fundamentais da matemática. Este volume examina a natureza do fechamento do conjunto dos números naturais em relação às operações e discute reflexões filosóficas sobre o desenvolvimento da inteligência e sua aplicação no ensino.",http://www.nemoc.uefs.br/arquivos/File/Folhetim/Folhetim023.pdf,Folhetim023.txt
24,Ano 2,Mar. / 1995,"Esta edição aborda a reflexão sobre a natureza das proposições matemáticas e o papel do raciocínio dedutivo na tomada de decisões. Este número explora a distinção entre juízos de valor e verdades matemáticas, questionando a aplicabilidade da lógica matemática em contextos cotidianos e educacionais.",http://www.nemoc.uefs.br/arquivos/File/Folhetim/Folhetim024.pdf,Folhetim024.txt
25,Ano 2,Mar. / 1995,"Esta edição explora questões filosóficas e matemáticas, como a razão do horário de verão e a proibição da divisão por zero. Este número aborda o impacto das ideias matemáticas na física moderna e na cosmologia, examinando como conceitos como a divisão por zero influenciaram pensadores como Einstein.",http://www.nemoc.uefs.br/arquivos/File/Folhetim/Folhetim025.pdf,Folhetim025.txt
26,Ano 2,Mar. / 1995,"Esta edição aborda a fundamentação conceitual da geometria, explorando definições de ângulo e a distinção entre ângulos consecutivos e adjacentes. Este número explora a relação entre a linguagem comum (uso de 'ou' e 'e') e a lógica matemática, além de questões sobre coordenadas cartesianas e inclinação de retas.",http://www.nemoc.uefs.br/arquivos/File/Folhetim/Folhetim026.pdf,Folhetim026.txt
27,Ano 2,Abr. / 1995,"Esta edição aborda a relação entre linguagem comum e matemática, focando na disjunção 'ou' e suas implicações no contexto da união e interseção de conjuntos. O texto explora como essa relação se manifesta na linguagem usual e na linguagem matemática, questionando o tratamento da conjunção em diferentes contextos.",http://www.nemoc.uefs.br/arquivos/File/Folhetim/Folhetim027.pdf,Folhetim027.txt
28,Ano 2,Abr. / 1995,"Esta edição explora a aplicação da matemática na resolução de problemas cotidianos e na compreensão dos fenômenos naturais, como o sistema de medidas e a noção de números irracionais. O texto aborda a importância da precisão nas unidades de medida e estabelece critérios para a abreviação de unidades, refletindo a interconexão entre matemática e o mundo físico.",http://www.nemoc.uefs.br/arquivos/File/Folhetim/Folhetim028.pdf,Folhetim028.txt
29,Ano 2,Abr. / 1995,"Esta edição explora a introdução da noção de número irracional em nível elementar, propondo o uso de frações decimais e a manipulação de aproximações para abordar este conceito. O texto discute como a irracionalidade impactou a teoria de semelhança e a álgebra, influenciando o desenvolvimento posterior da Geometria Analítica.",http://www.nemoc.uefs.br/arquivos/File/Folhetim/Folhetim029.pdf,Folhetim029.txt
30,Ano 2,Mai. / 1995,"Esta edição explora a relação entre memória, ensino e o processo de aprendizagem da Matemática. A presente edição analisa os mandamentos para o ensino matemático, enfatizando a necessidade de cautela pedagógica e a importância de desenvolver no aluno o know-how, o hábito de trabalho metódico e a capacidade de fazer palpites antes de descobrir as soluções.",http://www.nemoc.uefs.br/arquivos/File/Folhetim/Folhetim030.pdf,Folhetim030.txt
31,Ano 2,Mai. / 1995,"Esta edição explora a origem da designação de frações como ordinárias, rastreando suas raízes nas generalizações dos números naturais feitas pelos babilônios e egípcios antigos. O texto discute o Papiro de Rhind e as limitações matemáticas antigas, incluindo a referência à constante de Planck como um limite extremo de divisibilidade.",http://www.nemoc.uefs.br/arquivos/File/Folhetim/Folhetim031.pdf,Folhetim031.txt
32,Ano 2,Mai. / 1995,"Este número explora a transição entre a Geometria de Euclides e os números não standard, introduzindo o conceito de números hiper-reais. A presente edição analisa como as premissas (axiomas) fundamentam a demonstração matemática e discute a aplicação desses novos números na análise não standard para provar teoremas.",http://www.nemoc.uefs.br/arquivos/File/Folhetim/Folhetim032.pdf,Folhetim032.txt
33,Ano 2,Jun. / 1995,"Esta edição explora a natureza da fatoração e divisibilidade em equações, contrastando-as com o conceito de fatoração de polinômios. O texto discute a necessidade de fatores inteiros na fatoração e faz referência histórica à matemática grega, incluindo a importância de Hipácia como mulher matemática.",http://www.nemoc.uefs.br/arquivos/File/Folhetim/Folhetim033.pdf,Folhetim033.txt
34,Ano 2,Jun. / 1995,"Este número explora a crítica ao ensino de matemática, argumentando que as metodologias atuais são reacionárias e anti-autônomas. O texto questiona a falta de motivação dos alunos para resolver problemas matemáticos e a ausência do ensino dos mecanismos fundamentais de análise, síntese, abstração e generalização.",http://www.nemoc.uefs.br/arquivos/File/Folhetim/Folhetim034.pdf,Folhetim034.txt
35,Ano 2,Jun. / 1995,"Esta edição aborda a crítica ao ensino atual da Matemática, questionando programas obsoletos e a apresentação da disciplina como dogma. O texto explora a necessidade de reavaliar o ensino no ciclo básico e a importância da interdisciplinaridade, focando nas dúvidas dos alunos e professores sobre a natureza do conhecimento matemático.",http://www.nemoc.uefs.br/arquivos/File/Folhetim/Folhetim035.pdf,Folhetim035.txt
36,Ano 2,Jun. / 1995,"Esta edição aborda a fundamentação dos números reais, explorando as classificações de segmentos e introduzindo o conceito de números inteiros, fracionários e irracionais como formas de medida para grandezas geométricas. O texto também tangencia a validade das inferências cotidianas, discutindo raciocínios lógicos.",http://www.nemoc.uefs.br/arquivos/File/Folhetim/Folhetim036.pdf,Folhetim036.txt
37,Ano 2,Jul. / 1995,"Esta edição explora a necessidade de uma abordagem distinta para o ensino da Lógica no ciclo básico, propondo sua integração com a Teoria dos Conjuntos e a Teoria da Probabilidade. O texto detalha como estabelecer o casamento entre Lógica e conjuntos através de tabelas-verdade, definindo operadores lógicos e operações de conjuntos. Apresenta exercícios ilustrativos sobre negação lógica.",http://www.nemoc.uefs.br/arquivos/File/Folhetim/Folhetim037.pdf,Folhetim037.txt
38,Ano 2,Jul. / 1995,"Esta edição explora a origem histórica da Geometria Analítica, destacando a contribuição de René Descartes e o estabelecimento de uma correspondência entre pontos e números reais. O texto discute como essa visão transformou o espírito matemático e a busca por um método universal para tratar os problemas humanos racionalmente.",http://www.nemoc.uefs.br/arquivos/File/Folhetim/Folhetim038.pdf,Folhetim038.txt
39,Ano 3,Ago. / 1995,"Esta edição traz um conjunto de mandamentos para professores de matemática, inspirados em George Polya. O texto sugere a importância de motivar as aulas com situações familiares, estabelecer conexões entre os assuntos e considerar as dimensões social, afetiva e bio-fisiológica do aprendizado matemático.",http://www.nemoc.uefs.br/arquivos/File/Folhetim/Folhetim039.pdf,Folhetim039.txt
40,Ano 3,Ago. / 1995,"Esta edição aborda a reflexão sobre o ensino da Matemática, focando na Teoria dos Conjuntos e nas dificuldades de demonstração de teoremas. Este número explora a complexidade computacional de problemas matemáticos, classificando-os em categorias com base nos tempos de computação necessários para sua resolução.",http://www.nemoc.uefs.br/arquivos/File/Folhetim/Folhetim040.pdf,Folhetim040.txt
41,Ano 3,Ago. / 1995,"Esta edição aborda a natureza vetorial, explorando as condições necessárias para que uma grandeza física possua direção, sentido e tamanho. O texto introduz o conceito de vetor, enfatizando os axiomas da álgebra linear como base para a dedução de teoremas na matemática.",http://www.nemoc.uefs.br/arquivos/File/Folhetim/Folhetim041.pdf,Folhetim041.txt
42,Ano 3,Set. / 1995,"Esta edição traz uma solicitação de livros para compor uma biblioteca, focando em obras da Sociedade Brasileira de Matemática e uma crítica à matemática moderna. O número explora a importância da clareza pedagógica frente ao rigor matemático, estimulando o estudo dos aspectos históricos e filosóficos da disciplina.",http://www.nemoc.uefs.br/arquivos/File/Folhetim/Folhetim042.pdf,Folhetim042.txt
43,Ano 3,Out. / 1995,"Esta edição traz uma lista de recomendações bibliográficas para professores de matemática, incluindo obras sobre história da matemática, fundamentos, teoria dos números e conceitos como geometria e probabilidade. O material visa estimular o estudo e a curiosidade intelectual dos educadores.",http://www.nemoc.uefs.br/arquivos/File/Folhetim/Folhetim043.pdf,Folhetim043.txt
44,Ano 3,Nov. / 1995,"Esta edição traz uma solicitação de livros para a composição de uma mini-biblioteca para professores do 1º e 2º graus. O material foca na indicação de obras sobre Filosofia da Matemática, simetria (Hermann Weyl) e pensamento matemático desafiador, visando estimular o estudo e a curiosidade intelectual dos educadores.",http://www.nemoc.uefs.br/arquivos/File/Folhetim/Folhetim044.pdf,Folhetim044.txt
45,Ano 3,Dez. / 1995,"Esta edição aborda a crise profunda no ensino da Matemática, focando na aversão dos alunos e na dificuldade de percepção da disciplina. Este número explora como o pavor e a incompreensão se estabelecem nos estudantes em relação às demonstrações matemáticas, buscando uma ponte entre os que estão próximos e os distantes sobre os aspectos pedagógicos e históricos da Matemática.",http://www.nemoc.uefs.br/arquivos/File/Folhetim/Folhetim045.pdf,Folhetim045.txt
46,Ano 3,Jan. / 1996,"Esta edição traz a divulgação de notícias relacionadas à Educação Matemática e inclui uma coluna de perguntas e respostas, focando em questões matemáticas avançadas e demonstrações lógicas. O conteúdo explora o estímulo à curiosidade intelectual e a ponte entre diferentes esferas do conhecimento matemático.",http://www.nemoc.uefs.br/arquivos/File/Folhetim/Folhetim046.pdf,Folhetim046.txt
47,Ano 3,Fev. / 1996,"Esta edição explora a natureza dos argumentos, diferenciando os tipos dedutivo e indutivo, e discute a classificação da Indução Matemática. O texto dialoga com a lógica e a probabilidade para analisar o movimento do conhecimento matemático.",http://www.nemoc.uefs.br/arquivos/File/Folhetim/Folhetim047.pdf,Folhetim047.txt
48,Ano 3,Mar. / 1996,"Esta edição aborda a natureza da estrutura matemática, explorando o conceito de estruturas fundamentais definidas por axiomas e relações. O texto discute como as descobertas históricas, como a dos irracionais na Grécia Antiga, influenciaram o desenvolvimento do pensamento matemático. Este número explora a definição de estrutura algébrica e de ordem, citando Bourbaki para fundamentar a noção de estruturas formais.",http://www.nemoc.uefs.br/arquivos/File/Folhetim/Folhetim048.pdf,Folhetim048.txt
49,Ano 3,Abr. / 1996,"Esta edição traz uma discussão sobre a organização axiomática do saber matemático, abordando termos primitivos e postulados na geometria. O texto também reflete sobre o estado da educação matemática no país e a necessidade de melhorias pedagógicas.",http://www.nemoc.uefs.br/arquivos/File/Folhetim/Folhetim049.pdf,Folhetim049.txt
50,Ano 3,Mai. / 1996,"Esta edição aborda a questão da existência de intervalos no conjunto dos números naturais, discutindo como a apresentação desses conceitos em livros didáticos pode induzir o leitor a focar apenas na reta real. O texto explora a possibilidade de intervalos nos conjuntos N, Z e Q, desafiando a representação tradicional do assunto.",http://www.nemoc.uefs.br/arquivos/File/Folhetim/Folhetim050.pdf,Folhetim050.txt
51,Ano 3,Jun. / 1996,"Esta edição aborda a discussão sobre igualdade, congruência e semelhança, explorando o conceito de identidade lógica e suas propriedades. Este número explora como a igualdade é tratada na história da filosofia e sua aplicação em matemática, buscando unir conceitos próximos e distantes.",http://www.nemoc.uefs.br/arquivos/File/Folhetim/Folhetim051.pdf,Folhetim051.txt
52,Ano 3,Jul. / 1996,"Esta edição traz uma discussão sobre a validade de demonstrações matemáticas e a revisão da teoria das potências inteiras. Este número explora o raciocínio lógico necessário para validar resultados em matemática, focando na fundamentação dos conceitos básicos.",http://www.nemoc.uefs.br/arquivos/File/Folhetim/Folhetim052.pdf,Folhetim052.txt
53,Ano 4,Ago. - Dez. / 1996,"Esta edição traz um artigo de Omar Catunda sobre o ensino de matemática, discutindo a natureza da matemática como linguagem e a necessidade de um ensino dialogado em detrimento do expositivo. O texto também aborda as dificuldades na educação superior e a mentalidade necessária para a melhoria do ensino.",http://www.nemoc.uefs.br/arquivos/File/Folhetim/Folhetim053.pdf,Folhetim053.txt
54,Ano 4,Jan. - Mai. / 1997,"Esta edição traz uma discussão sobre a natureza da Educação Matemática, destacando seus objetivos e metas em relação à aquisição de competências matemáticas, o reconhecimento da diversidade educacional e a importância social da matemática. O número também inclui exercícios que exploram relações numéricas e lógica matemática.",http://www.nemoc.uefs.br/arquivos/File/Folhetim/Folhetim054.pdf,Folhetim054.txt
55,Ano 4,Jun. / 1997,"Esta edição traz a visão do professor Carloman Carlos Borges sobre o Construtivismo e a Matemática, ilustrada com exemplos práticos. O número explora os postulados construtivistas, enfatizando a ação e o erro como fundamentais no ensino de matemática para professores de 2º grau.",http://www.nemoc.uefs.br/arquivos/File/Folhetim/Folhetim055.pdf,Folhetim055.txt
56,Ano 4,Jul. / 1997,"Esta edição traz uma discussão sobre a natureza do problema matemático, diferenciando-o de questão e explorando a motivação gerada pela necessidade de solução. O texto aplica essa distinção ao contexto da Matemática, utilizando exemplos algébricos para demonstrar o raciocínio necessário na resolução de exercícios.",http://www.nemoc.uefs.br/arquivos/File/Folhetim/Folhetim056.pdf,Folhetim056.txt
57,Ano 5,Ago. / 1997,"Esta edição traz uma reflexão sobre a natureza da criatividade matemática, buscando definições e o papel de pensadores como Laplace na invenção de ideias. Este número explora as bases filosóficas e conceituais que fundamentam o estudo da inovação no campo matemático.",http://www.nemoc.uefs.br/arquivos/File/Folhetim/Folhetim057.pdf,Folhetim057.txt
58,Ano 5,Set. / 1997,"Esta edição explora a aplicação da matemática na análise de fenômenos probabilísticos, abordando o conceito de processos estocásticos e variáveis aleatórias. Este número examina como a Teoria da Probabilidade trata problemas como a ocorrência de eventos em um mesmo lugar, conectando a matemática com a conjectura e o comportamento de resultados incertos.",http://www.nemoc.uefs.br/arquivos/File/Folhetim/Folhetim058.pdf,Folhetim058.txt
59,Ano 5,Out. / 1997,"Esta edição traz uma discussão sobre a necessidade de mudança na estrutura curricular do ensino de Matemática, focando na ausência de unidade metodológica e na linearidade da aprendizagem. O texto utiliza a metáfora do circuito elétrico para ilustrar como os pré-requisitos se tornam uma camisa de força para o conhecimento matemático.",http://www.nemoc.uefs.br/arquivos/File/Folhetim/Folhetim059.pdf,Folhetim059.txt
60,Ano 5,Nov. / 1997,"Esta edição aborda as reflexões sobre o Construtivismo na educação matemática, questionando a rotulação de livros didáticos e a aplicação dos postulados construtivistas no ensino. O texto explora a tensão entre a metáfora do conhecimento como construção e a rigidez das abordagens epistemológicas.",http://www.nemoc.uefs.br/arquivos/File/Folhetim/Folhetim060.pdf,Folhetim060.txt
61,Ano 5,Dez. / 1997,"Esta edição explora a necessidade de incorporar a Modelagem Matemática ao ensino, enfatizando atividades como simulação e resolução de problemas para desenvolver faculdades mentais. A presente edição analisa o desafio de motivar os alunos com abordagens que vão além dos algoritmos tradicionais.",http://www.nemoc.uefs.br/arquivos/File/Folhetim/Folhetim061.pdf,Folhetim061.txt
62,Ano 5,Jan. / 1998,"Este número explora a retomada da questão dos Modelos Matemáticos, iniciada anteriormente. A presente edição analisa a necessidade de examinar o domínio de validade das funções matemáticas ao representar fenômenos reais, como exemplificado pela área do círculo. O texto discute a transição do aspecto qualitativo para o quantitativo na ciência e a relação entre modelos e a realidade matemática.",http://www.nemoc.uefs.br/arquivos/File/Folhetim/Folhetim062.pdf,Folhetim062.txt
63,Ano 5,Fev. / 1998,"Esta edição explora as três ideias básicas do ensino da Matemática, sugeridas por Jean Dieudonné. Estas ideias são Aproximação, Linearidade e Probabilidade, fundamentais para a formação de futuros cientistas.",http://www.nemoc.uefs.br/arquivos/File/Folhetim/Folhetim063.pdf,Folhetim063.txt
64,Ano 5,Mar. / 1998,"Esta edição traz reflexões sobre a história e a filosofia da matemática, focando na vida de Evariste Galois e nas dicotomias pedagógicas. Este número explora as diferenças entre o pensar matemático e o cotidiano, a relação entre linguagens naturais e matemática, e o significado do computador no ensino.",http://www.nemoc.uefs.br/arquivos/File/Folhetim/Folhetim064.pdf,Folhetim064.txt
65,Ano 5,Abr. / 1998,"Esta edição explora a distinção entre linguagem natural e linguagem matemática, utilizando exemplos como cão=chien=dog e 3=2+1 para ilustrar a diferença entre denotação e o uso de símbolos. O texto aborda os riscos de um enfoque centralizado apenas na linguagem, refletindo debates históricos da Matemática Moderna.",http://www.nemoc.uefs.br/arquivos/File/Folhetim/Folhetim065.pdf,Folhetim065.txt
66,Ano 5,Mai. / 1998,"Esta edição aborda a distinção entre linguagem natural e matemática, focando nas consequências pedagógicas do ensino da matemática como um idioma estrangeiro. Este número explora a necessidade de desenvolver habilidades de resolução de problemas nos jovens para formar a futura geração de matemáticos brasileiros.",http://www.nemoc.uefs.br/arquivos/File/Folhetim/Folhetim066.pdf,Folhetim066.txt
67,Ano 5,Jun. / 1998,"Esta edição traz a coluna ""DIVERTIMENTOS MATEMÁTICOS"" para despertar a curiosidade do leitor sobre as preciosidades da matemática. O número também aborda o desafio de encontrar soluções para problemas matemáticos e a reflexão sobre questões filosóficas, como o significado do Teorema de Gôdel.",http://www.nemoc.uefs.br/arquivos/File/Folhetim/Folhetim067.pdf,Folhetim067.txt
68,Ano 5,Jul. / 1998,"Esta edição aborda a relação entre o Teorema de Gödel e a Educação Matemática. Este número explora como os resultados deste teorema se conectam com o estudo dos aspectos pedagógicos, filosóficos e históricos da Matemática, buscando construir uma ponte entre diferentes áreas do conhecimento matemático.",http://www.nemoc.uefs.br/arquivos/File/Folhetim/Folhetim068.pdf,Folhetim068.txt
69,Ano 6,Ago. / 1998,"Esta edição aborda as reflexões de Carloman Carlos Borges sobre o Teorema de Gódel e sua relação com os limites do entendimento humano. Este número explora a conexão entre o Teorema de Gódel e o Princípio da Incerteza de Heisenberg, discutindo como ambos desafiam a ideia de um conhecimento acabado na matemática.",http://www.nemoc.uefs.br/arquivos/File/Folhetim/Folhetim069.pdf,Folhetim069.txt
70,Ano 6,set. / 1998,"Esta edição aborda a questão da matemática para todos os cidadãos, sugerindo a introdução de tópicos como probabilidade e estatística com recursos computacionais, devido ao mundo estocástico atual. Este número explora a necessidade de um discernimento metodológico superior por parte dos professores no ensino obrigatório.",http://www.nemoc.uefs.br/arquivos/File/Folhetim/Folhetim070.pdf,Folhetim070.txt
71,Ano 6,out. / 1998,"Esta edição aborda a possibilidade de calcular a área da elipse por processos elementares, partindo da área do círculo, utilizando transformações geométricas no plano cartesiano para demonstrar o conceito em nível elementar.",http://www.nemoc.uefs.br/arquivos/File/Folhetim/Folhetim071.pdf,Folhetim071.txt
72,Ano 6,Nov. / 1998,"Esta edição traz uma discussão sobre o conceito de função, explorando diversas definições apresentadas nos manuais escolares e a natureza da correspondência entre variáveis no contexto do ensino médio.",http://www.nemoc.uefs.br/arquivos/File/Folhetim/Folhetim072.pdf,Folhetim072.txt
73,Ano 6,Dez. / 1998,"Esta edição traz questões e reflexões sobre os aspectos pedagógicos, filosóficos e históricos da Matemática. Este volume examina a relação entre linguagem natural e matemática, o significado do Teorema de Gödel e a natureza dos conceitos numéricos.",http://www.nemoc.uefs.br/arquivos/File/Folhetim/Folhetim073.pdf,Folhetim073.txt
74,Ano 6,Jan. / 1999,"Esta edição explora o fundamento da organização do saber matemático através da axiomática, focando na lógica e nos conceitos de termos primitivos, definições, axiomas e teoremas como base para a demonstração matemática.",http://www.nemoc.uefs.br/arquivos/File/Folhetim/Folhetim074.pdf,Folhetim074.txt
75,Ano 6,Fev. / 1999,"Esta edição explora as convenções matemáticas, a questão do zero e o desenvolvimento de teorias matemáticas baseadas em axiomáticas. Este número também reforça aspectos da Álgebra das Matrizes e aborda discussões históricas sobre o estudo dos limites e a indeterminação matemática.",http://www.nemoc.uefs.br/arquivos/File/Folhetim/Folhetim075.pdf,Folhetim075.txt
76,Ano 6,Mar. / 1999,"Esta edição explora o paradoxo da adimensionalidade do ponto, investigando a dimensão da reta e as relações entre totalidades e suas partes, como os números reais e seus subconjuntos.",http://www.nemoc.uefs.br/arquivos/File/Folhetim/Folhetim076.pdf,Folhetim076.txt
77,Ano 6,abr. / 1999,"Esta edição traz uma reflexão sobre os Paradoxos de Zenão e a questão do infinito físico, buscando esclarecer conceitos filosóficos da matemática. Este número explora também a influência dos livros didáticos no ensino e questiona a forma como a matemática é apresentada ao público.",http://www.nemoc.uefs.br/arquivos/File/Folhetim/Folhetim077.pdf,Folhetim077.txt
78,Ano 6,Mai. / 1999,"Esta edição traz uma exploração histórica e conceitual sobre os quadrados mágicos, rastreando sua origem na antiguidade (lo-shu) e sua evolução através de figuras como Cornélius Agripa. O número detalha a natureza matemática dos arranjos, definindo o que constitui um quadrado mágico e apresentando exemplos de construção para ordens específicas.",http://www.nemoc.uefs.br/arquivos/File/Folhetim/Folhetim078.pdf,Folhetim078.txt
79,Ano 6,jun. / 1999,"Esta edição traz uma análise aprofundada sobre o quadrado mágico, explorando suas virtudes históricas e matemáticas desde a antiguidade até a época contemporânea. O número examina a origem do conceito e sua relação com a história da matemática, citando referências como Lancelot Hogbeen e o primeiro quadrado mágico da história.",http://www.nemoc.uefs.br/arquivos/File/Folhetim/Folhetim079.pdf,Folhetim079.txt
80,Ano 6,jul. / 1999,"Esta edição explora o objeto da Álgebra, definindo-a como o estudo das estruturas algébricas (como grupo e anel). O texto revisita a história da Álgebra Clássica e o Teorema Fundamental da Álgebra de Gauss, focando na evolução conceitual do ramo matemático.",http://www.nemoc.uefs.br/arquivos/File/Folhetim/Folhetim080.pdf,Folhetim080.txt
81,Ano 7,ago. / 1999,"Esta edição traz uma exploração do conceito de função característica como ponte entre Teoria dos Conjuntos e Lógica das Proposições. Este número examina a aplicação da função característica para demonstrar que todo conjunto finito contém duas partes, ilustrando o papel fundamental deste conceito na matemática.",http://www.nemoc.uefs.br/arquivos/File/Folhetim/Folhetim081.pdf,Folhetim081.txt
82,Ano 7,set. / 1999,"Esta edição aborda o método da demonstração por redução ao absurdo, um conceito fundamental na matemática. Este número explora a questão da compreensão das demonstrações e a relação com os conceitos de número, buscando construir a Matemática por meio de construções graduais.",http://www.nemoc.uefs.br/arquivos/File/Folhetim/Folhetim082.pdf,Folhetim082.txt
83,Ano 7,Out. / 1999,"Esta edição traz uma homenagem ao professor Elon Lages Lima, destacando sua forma didática e comunicativa na apresentação de ideias importantes sobre o ensino de Matemática. O texto discute as restrições e obstáculos enfrentados pelos professores no processo de adequação do ensino da Matemática ao momento presente.",http://www.nemoc.uefs.br/arquivos/File/Folhetim/Folhetim083.pdf,Folhetim083.txt
84,Ano 7,Nov. / 1999,"Esta edição aborda o método da 'Falsa Posição' como forma de resolver equações do primeiro grau, destacando a proporcionalidade e a semelhança como ideias fundamentais da Matemática. O texto explora a conexão entre proporção, Aritmética e a Geometria Euclidiana no contexto da resolução de problemas matemáticos.",http://www.nemoc.uefs.br/arquivos/File/Folhetim/Folhetim084.pdf,Folhetim084.txt
85,Ano 7,dez. / 1999,"Esta edição traz uma exploração sobre a natureza dos intervalos encaixantes e as sequências adjacentes, demonstrando como as potências de 107 seguem leis de crescimento específicas. O texto aborda a relação entre aproximações por falta e excesso, estabelecendo propriedades de crescimento para essas sequências.",http://www.nemoc.uefs.br/arquivos/File/Folhetim/Folhetim085.pdf,Folhetim085.txt
86,Ano 7,Jan. / 2000,"Esta edição traz uma reflexão sobre o ensino da Matemática, focando na experiência de concursos públicos e a necessidade de pragmatismo na formação docente. Este número explora as questões pedagógicas e filosóficas subjacentes ao estudo da Matemática, buscando conectar a teoria com a prática da formação de professores.",http://www.nemoc.uefs.br/arquivos/File/Folhetim/Folhetim086.pdf,Folhetim086.txt
87,Ano 7,Fev. / 2000,"Esta edição aborda o fracasso do movimento da Matemática Moderna e a necessidade de uma reorganização pedagógica no ensino. Este número explora as questões históricas sobre a formação dos professores e a importância de adotar modelos matemáticos adequados para a compreensão da natureza, em contraste com a abordagem da Matemática Moderna.",http://www.nemoc.uefs.br/arquivos/File/Folhetim/Folhetim087.pdf,Folhetim087.txt
88,Ano 7,Mar. / 2000,"Esta edição aborda a história e as dificuldades na resolução dos problemas clássicos da geometria, como a duplicação do cubo, a trissecção do ângulo e a quadratura do círculo. Este volume examina as restrições históricas impostas aos matemáticos antigos e a evolução da compreensão sobre construções geométricas.",http://www.nemoc.uefs.br/arquivos/File/Folhetim/Folhetim088.pdf,Folhetim088.txt
89,Ano 7,Abr. / 2000,"Esta edição traz informações complementares sobre os três problemas clássicos da matemática, remetendo ao teorema de Fermat e à pesquisa por ângulos divisíveis com régua e compasso. Examina a visão de Kronecker sobre o domínio natural como base sólida para a Matemática.",http://www.nemoc.uefs.br/arquivos/File/Folhetim/Folhetim089.pdf,Folhetim089.txt
90,Ano 7,Mai. / 2000,"Esta edição aborda a história e o desenvolvimento da equação do 2º grau, destacando suas raízes na matemática babilônica e grega, e a evolução do conhecimento algébrico. Este número explora como o ensino das equações quadráticas pode enriquecer a compreensão dos alunos ao contextualizar historicamente os conceitos matemáticos.",http://www.nemoc.uefs.br/arquivos/File/Folhetim/Folhetim090.pdf,Folhetim090.txt
91,Ano 7,jun. / 2000,"Esta edição explora a relação entre o número áureo e as equações do segundo grau, relacionando-as com o método geométrico para encontrar as raízes complexas conjugadas. O texto também detalha uma aplicação da equação do segundo grau na divisão em média e extrema razão, culminando na construção geométrica do segmento áureo.",http://www.nemoc.uefs.br/arquivos/File/Folhetim/Folhetim091.pdf,Folhetim091.txt
92,Ano 7,Jul. / 2000,"Esta edição explora a eficácia da matemática como instrumento indispensável para a compreensão dos fenômenos do mundo. O artigo discute como a Matemática, exemplificada pelo Cálculo Diferencial e Integral, demonstra as inesgotáveis potencialidades da criação humana, sendo útil para as práticas escolares.",http://www.nemoc.uefs.br/arquivos/File/Folhetim/Folhetim092.pdf,Folhetim092.txt
93,Ano 8,ago. / 2000,"Esta edição traz uma resposta do professor Carloman Borges à indagação sobre o Último Teorema de Fermat, buscando contribuir para o entendimento dessa joia da Matemática. O texto aborda a história e o contexto matemático relacionado ao teorema.",http://www.nemoc.uefs.br/arquivos/File/Folhetim/Folhetim093.pdf,Folhetim093.txt
94,Ano 8,set. / 2000,"Esta edição aborda a continuação da explanação sobre o Último Teorema de Fermat, introduzindo o conceito de curvas elípticas e movimentos rígidos. O texto também traça a trajetória de Andrew Wiles na busca pela prova da conjectura de Taniyama-Shimura, destacando sua dedicação intelectual.",http://www.nemoc.uefs.br/arquivos/File/Folhetim/Folhetim094.pdf,Folhetim094.txt
95,Ano 8,out. / 2000,"Esta edição aborda a necessidade de demonstração formal na matemática e os métodos utilizados para validar resultados. Este número explora como ensinar a demonstrar, focando nos desafios dos alunos em relação à insegurança nas demonstrações matemáticas.",http://www.nemoc.uefs.br/arquivos/File/Folhetim/Folhetim095.pdf,Folhetim095.txt
96,Ano 8,nov. / 2000,"Esta edição traz métodos dedutivos para a demonstração em matemática, incluindo a Descida Infinita e o Método de Demonstração por Recorrência ou Indução Matemática. Este número explora também a Demonstração por Absurdo e a aplicação da indução, mostrando que nem sempre proposições com variáveis inteiras podem ser demonstradas por este método.",http://www.nemoc.uefs.br/arquivos/File/Folhetim/Folhetim096.pdf,Folhetim096.txt
97,Ano 8,dez. / 2000,"Esta edição explora o 'Método de Exaustão' como um método de demonstração em matemática, remontando ao matemático grego Eudoxo. O texto detalha os pré-requisitos e a lógica por trás da demonstração, incluindo conceitos de condição suficiente e necessária.",http://www.nemoc.uefs.br/arquivos/File/Folhetim/Folhetim097.pdf,Folhetim097.txt
98,Ano 8,Jan. / 2001,"Esta edição aborda métodos de demonstração em matemática, como Exaustão e Indução Finita, discutindo a construção de proposições e a relação entre experiência imediata e abstrações conceituais na formação do aluno.",http://www.nemoc.uefs.br/arquivos/File/Folhetim/Folhetim098.pdf,Folhetim098.txt
99,Ano 8,Fev. / 2001,"Esta edição traz uma discussão sobre o fascínio pelo Triângulo de Pascal e sua relação com a análise combinatória, além de abordar os abusos de linguagem na matemática. O texto explora o conceito de combinação e a formação do Triângulo de Pascal, fornecendo um contexto histórico e conceitual para a curiosidade intelectual em relação à Matemática.",http://www.nemoc.uefs.br/arquivos/File/Folhetim/Folhetim099.pdf,Folhetim099.txt
100,Ano 8,Mar. / 2001,"Esta edição aborda a diversidade de temas matemáticos, incluindo Teoria dos números, álgebra, combinatória, geometria e história da filosofia matemática. Este volume examina a publicação de curiosidades históricas relacionadas ao número cem e destaca o trabalho do NEMOC no campo da Educação Matemática.",http://www.nemoc.uefs.br/arquivos/File/Folhetim/Folhetim100.pdf,Folhetim100.txt
101,Ano 8,Abr. / 2001,"Esta edição traz uma compilação de perguntas e respostas anteriores, incluindo questões sobre a história da matemática, conceitos como o número zero, Topologia e a demonstração matemática, visando estimular a curiosidade intelectual dos leitores.",http://www.nemoc.uefs.br/arquivos/File/Folhetim/Folhetim101.pdf,Folhetim101.txt
102,Ano 8,Mai. - Jun. / 2001,"Esta edição aborda conceitos avançados de geometria, focando na topologia e na geometria projetiva e afim. Explora invariantes geométricos, como a razão anarmônica e as propriedades das transformações contínuas, estabelecendo uma ponte entre diferentes ramos da matemática.",http://www.nemoc.uefs.br/arquivos/File/Folhetim/Folhetim102.pdf,Folhetim102.txt
103,Ano 9,Jul. - Ago. / 2001,"Esta edição traz uma discussão sobre o duplo caráter de transformação e invariância no conceito de grupo, explorando como isso se relaciona com a construtividade matemática. Este número explora as investigações filosóficas e matemáticas que levam à definição de grupos, abordando conceitos como similitudes e geometria afim.",http://www.nemoc.uefs.br/arquivos/File/Folhetim/Folhetim103.pdf,Folhetim103.txt
104,Ano 9,Set. - Out. / 2001,"Esta edição traz a sequência do tema sobre o significado de paradoxo, apresentando propriedades dos transfinitos para embasar questões ligadas a paradoxos matemáticos. Este volume examina as antinomias e o problema da consistência da axiomática, citando Poincaré.",http://www.nemoc.uefs.br/arquivos/File/Folhetim/Folhetim104.pdf,Folhetim104.txt
105,Ano 9,Nov. - Dez. / 2002,"Esta edição aborda o debate histórico e pedagógico sobre o ensino da Geometria, contrastando as tendências entre a geometria sintética axiomática e as transformações geométricas. Este número explora as dificuldades na compreensão geométrica dos alunos e a influência das bases psicológicas na educação matemática.",http://www.nemoc.uefs.br/arquivos/File/Folhetim/Folhetim105.pdf,Folhetim105.txt
106,Ano 9,Jan. - Fev. / 2002,"Esta edição aborda a retomada da questão do ensino da Geometria, destacando pesquisas recentes de van Hiele e o confronto entre as ideias de Piaget e Freudental. Este número explora a tensão entre concepções sobre a naturalidade das estruturas matemáticas e a abordagem pedagógica, mencionando debates históricos e a formação do educador.",http://www.nemoc.uefs.br/arquivos/File/Folhetim/Folhetim106.pdf,Folhetim106.txt
107,Ano 9,Mar. / Abr. / 2002,"Esta edição traz reflexões sobre o ensino da geometria, focando na intuição e no rigor matemático. Este volume examina a postura de Euclides e o método axiomático, destacando como as demonstrações se fundamentam na intuição sensível e nas figuras. A presente edição analisa a relação entre a intuição e o rigor no processo de ensino da geometria.",http://www.nemoc.uefs.br/arquivos/File/Folhetim/Folhetim107.pdf,Folhetim107.txt
108,Ano 9,Mai. / Jun. / 2002,"Esta edição traz uma reflexão histórica sobre o cálculo, rastreando suas origens na Grécia Antiga com Eudoxoe Arquimedes e o Método de Exaustão. O texto explora a evolução da ideia de incremento infinitesimal e a relação entre os fluxos e os incrementos, abordando as bases conceituais do cálculo.",http://www.nemoc.uefs.br/arquivos/File/Folhetim/Folhetim108.pdf,Folhetim108.txt
109,Ano 9,Jul. - Ago. / 2002,"Esta edição aborda o avanço na formalização do cálculo, focando nos 'infinitamente pequenos' da Análise Não Standard e a visão de Karl Marx em um campo não socialista. O texto explora a origem do cálculo através dos procedimentos de D'Alembert e Euler, discutindo a divisão por zero.",http://www.nemoc.uefs.br/arquivos/File/Folhetim/Folhetim109.pdf,Folhetim109.txt
110,Ano 10,Set. - Out. / 2002,"Esta edição aborda o uso da expressão 'se, e somente se' em enunciados bicondicionais e a necessidade de esclarecer definições matemáticas. Este número explora como conceitos elementares da Matemática, como a definição por recorrência, são fundamentados nas relações entre os elementos.",http://www.nemoc.uefs.br/arquivos/File/Folhetim/Folhetim110.pdf,Folhetim110.txt
111,Ano 10,Nov. - Dez. / 2002,"Esta edição traz uma reflexão sobre a necessidade de abordar conceitos elementares da Matemática que geram dúvidas no alunado, focando na falta de unidade metodológica no ensino. Este número explora a dificuldade em definir conceitos como função proposicional e a ausência de domínio e imagem, destacando o desafio pedagógico do ensino matemático.",http://www.nemoc.uefs.br/arquivos/File/Folhetim/Folhetim111.pdf,Folhetim111.txt
112,Ano 10,Jan. - Fev. / 2003,"Este número explora a necessidade de ir além dos exercícios mecânicos ao tratar conceitos como o limite e os homomorfismos. A presente edição analisa como o conhecimento matemático pode ser transferido entre diferentes espaços cognitivos, sugerindo um isomorfismo entre o mundo absoluto e o fenomenológico.",http://www.nemoc.uefs.br/arquivos/File/Folhetim/Folhetim112.pdf,Folhetim112.txt
113,Ano 10,Mar. - Abr. / 2003,"Esta edição traz um artigo de Irineu Bicudo sobre o tema ""O nome Matemática!"", destacando a erudição do autor. Este número explora a reflexão filosófica sobre o significado e a natureza dos nomes, utilizando referências clássicas da literatura e filosofia para estimular a curiosidade intelectual.",http://www.nemoc.uefs.br/arquivos/File/Folhetim/Folhetim113.pdf,Folhetim113.txt
114,Ano 10,Mai. - Jun. / 2003,"Esta edição aborda questões elementares da matemática, como o conceito de limite de uma sequência, sistemas não arquimedianos e a congruência módulo m. Este volume examina também o uso histórico do gnomo na matemática, buscando estimular a curiosidade intelectual dos leitores.",http://www.nemoc.uefs.br/arquivos/File/Folhetim/Folhetim114.pdf,Folhetim114.txt
115,Ano 10,Jul. - Ago. / 2003,"Esta edição traz o artigo de Aron Simis, que discute a gênese e história da matemática e seu papel na formação do aluno e profissional da área. O texto explora como o conhecimento de períodos anteriores pode influenciar criticamente a formação, abordando a questão da abordagem genética no ensino matemático.",http://www.nemoc.uefs.br/arquivos/File/Folhetim/Folhetim115.pdf,Folhetim115.txt
116,Ano 10,Set. - Out. / 2003,"Esta edição traz uma pesquisa de satisfação sobre a publicação, indicando que o conteúdo e a profundidade foram avaliados positivamente pelos leitores. O foco pedagógico reside na divulgação de aspectos filosóficos e históricos da Matemática, buscando estimular a curiosidade intelectual dos interessados.",http://www.nemoc.uefs.br/arquivos/File/Folhetim/Folhetim116.pdf,Folhetim116.txt
117,Ano 10,Nov. - Dez. / 2003,"Esta edição aborda a relação entre propriedades geométricas e expressões algébricas de curvas, explorando as podárias da parábola e sua suarelação com a cissóide reta. Este número investiga equações algébricas relacionadas ao vértice e à suarelação, utilizando recursos computacionais para visualização dinâmica.",http://www.nemoc.uefs.br/arquivos/File/Folhetim/Folhetim117.pdf,Folhetim117.txt
118,Ano 10,Jan. - Fev. / 2004,"Esta edição traz uma investigação geométrica sobre as podárias da parábola em relação a um ponto na diretriz, estabelecendo relações entre cissóides e estrofóides. O texto explora como a posição da diretriz (tangente, secante ou não) afeta o tipo de cissóide resultante, introduzindo conceitos de pontos acnodal, cronodal e cuspidal.",http://www.nemoc.uefs.br/arquivos/File/Folhetim/Folhetim118.pdf,Folhetim118.txt
119,Ano 10,Mar. - Abr. / 2004,"Esta edição traz uma introdução ao emprego de programas computacionais, como Winplot e Cabri-Géomêtre II, para explorar as características das curvas. Este número explora a apresentação das equações generalizadas das podárias e o tratamento geométrico dessas curvas via tecnologias computacionais.",http://www.nemoc.uefs.br/arquivos/File/Folhetim/Folhetim119.pdf,Folhetim119.txt
120,Ano 10,Mai. - Jun. / 2004,"Esta edição explora o tratamento geométrico das curvas podárias da parábola através de tecnologias computacionais. A presente edição analisa como a manipulação de parâmetros e a utilização de equações paramétricas permitem visualizar e entender as propriedades dessas formas, buscando uma ponte entre o estudo matemático e a visualização gráfica.",http://www.nemoc.uefs.br/arquivos/File/Folhetim/Folhetim120.pdf,Folhetim120.txt
121,Ano 10,Jul. - Ago. / 2004,"Esta edição aborda o uso de ferramentas modernas, como programas de computador, para auxiliar estudantes e educadores no trato com curvas planas e suas propriedades de maneira motivadora. Este número explora a aplicação de geometria dinâmica, como o Cabri-Géometre, para visualizar objetos geométricos abstratos e promover a manipulação dos conceitos matemáticos.",http://www.nemoc.uefs.br/arquivos/File/Folhetim/Folhetim121.pdf,Folhetim121.txt
122,Ano 11,Set. - Out. / 2004,"Esta edição aborda a distinção entre o que é um problema matemático e a resolução de problemas no ensino-aprendizagem. Este número explora como a reflexão do aluno é substituída pelos automatismos na resolução de exercícios, focando na importância de identificar o cerne da questão matemática.",http://www.nemoc.uefs.br/arquivos/File/Folhetim/Folhetim122.pdf,Folhetim122.txt
123,Ano 11,Nov. - Dez. / 2004,"Esta edição aborda a importância do emprego da língua materna com correção e clareza no ensino da matemática, enfatizando que a ação manual deve preceder a representação simbólica. Este número explora a relação entre a idade da leitura e a idade do cálculo, discutindo como o ensino de matemática deve ser um convite à manipulação e à linguagem.",http://www.nemoc.uefs.br/arquivos/File/Folhetim/Folhetim123.pdf,Folhetim123.txt
124,Ano 11,Jan. - Fev. / 2005,"Esta edição traz uma reflexão sobre os movimentos básicos do pensamento, como análise, síntese, abstração e generalização, aplicados ao ensino da matemática. Este volume examina a evolução histórica dos conceitos matemáticos e suas teorias, como as séries infinitas e a teoria dos números reais, destacando o desenvolvimento histórico desses conceitos.",http://www.nemoc.uefs.br/arquivos/File/Folhetim/Folhetim124.pdf,Folhetim124.txt
125,Ano 11,Mar. - Abr. / 2005,"Esta edição aborda a necessidade de compreender os conceitos 'escondidos' por trás da simbologia matemática, enfatizando que a matemática é um conjunto de ideias e não apenas símbolos. Explora a generalização como processo fundamental na compreensão da fecundidade da matemática e a relação entre conceitos teóricos e ordinários.",http://www.nemoc.uefs.br/arquivos/File/Folhetim/Folhetim125.pdf,Folhetim125.txt
126,Ano 11,Mai. - Jun. / 2005,"Esta edição aborda a distinção entre significado e significante na matemática, criticando o ensino focado apenas nos significantes. Explora como a abordagem pedagógica deve considerar os significados conceituais, citando exemplos de dificuldades no ensino de conceitos avançados como logaritmos e a natureza da exatidão matemática.",http://www.nemoc.uefs.br/arquivos/File/Folhetim/Folhetim126.pdf,Folhetim126.txt
127,Ano 11,Jul. -  Ago. / 2005,"Esta edição aborda a reflexão crítica sobre o ensino da Matemática, questionando a forma como os professores conduzem o ensino de forma 'acrítica e formal'. Este número explora a natureza das definições matemáticas e a necessidade de abstração para tornar conceitos acessíveis aos alunos através de experiências concretas.",http://www.nemoc.uefs.br/arquivos/File/Folhetim/Folhetim127.pdf,Folhetim127.txt
128,Ano 12,Set. - Out. / 2005,"Esta edição aborda o raciocínio analítico e o raciocínio intuitivo como fundamentos essenciais no ensino da matemática, explorando seus empregos no ensino fundamental e médio. Este número explora a distinção entre raciocínio estruturado (analítico) e o entendimento intuitivo, buscando um campo adequado para o desenvolvimento de ambas as formas de raciocínio.",http://www.nemoc.uefs.br/arquivos/File/Folhetim/Folhetim128.pdf,Folhetim128.txt
129,Ano 12,Nov. - Dez. / 2005,"Esta edição aborda o uso da metáfora como ferramenta na educação matemática, explorando sua função como ponte entre conceitos e contextos diferentes. O texto discute a metáfora como um ligamento entre ideias, citando exemplos filosóficos e matemáticos para ilustrar essa relação.",http://www.nemoc.uefs.br/arquivos/File/Folhetim/Folhetim129.pdf,Folhetim129.txt
130,Ano 12,Jan. - Fev. / 2006,"Esta edição aborda a importância histórica e pedagógica dos Elementos de Euclides, focando na transição do ensino da geometria euclidiana para métodos axiomáticos. Este volume examina como a introdução prematura da axiomática no ensino pode gerar prejuízos, destacando a necessidade de uma análise crítica que incorpore metodologia, filosofia e história.",http://www.nemoc.uefs.br/arquivos/File/Folhetim/Folhetim130.pdf,Folhetim130.txt
131,Ano 12,Mar. - Abr. / 2006,"Esta edição explora a aproximação entre teoria e prática da Matemática, focando em conceitos como ordem, caos e complexidade. O número aborda a origem do conceito de número complexo e a definição algorítmica de complexidade, relacionando-os com números aleatórios e programas computacionais.",http://www.nemoc.uefs.br/arquivos/File/Folhetim/Folhetim131.pdf,Folhetim131.txt
132,Ano 12,Mai. - Jun. / 2006,"Esta edição aborda a discussão sobre Ordem, Complexidade e Caos, buscando apresentar conceitos matemáticos em linguagem intuitiva. Este número explora a definição algorítmica de complexidade de um número e a relação entre sistemas deterministas e a geração de novidade, citando Edgar Morin.",http://www.nemoc.uefs.br/arquivos/File/Folhetim/Folhetim132.pdf,Folhetim132.txt
133,Ano 12,Jul. - Ago. / 2006,"Esta edição aborda conceitos conceituais como Ordem e Complexidade, explorando a relação entre partes e o todo em sistemas matemáticos. Este número explora a passagem da incerteza à quase certeza através da análise de longas séries de acontecimentos, como no estudo do acaso.",http://www.nemoc.uefs.br/arquivos/File/Folhetim/Folhetim133.pdf,Folhetim133.txt
134,Ano 13,Set. - Out. / 2006,"Esta edição traz uma exploração abrangente sobre os fractais, abordando sua relação com outros conceitos como a teoria do caos. Este número examina as diversas aplicações dos fractais em áreas como sistemas dinâmicos, computação gráfica, natureza e medicina.",http://www.nemoc.uefs.br/arquivos/File/Folhetim/Folhetim134.pdf,Folhetim134.txt
135,Ano 13,Nov. - Dez / 2006,"Esta edição aborda a importância do advento dos computadores para concretizar em imagens conceitos matemáticos abstratos, como os fractais. Este número explora a evolução da compreensão matemática ao introduzir o conceito de dimensão fractal e sua relação com objetos da natureza, além de discutir a aplicação de estruturas não euclidianas.",http://www.nemoc.uefs.br/arquivos/File/Folhetim/Folhetim135.pdf,Folhetim135.txt
136,Ano 13,Jan. - Fev. / 2007,"Esta edição aborda o conceito de Geometria Fractal em contraste com a Geometria Euclidiana, focando no cálculo da dimensão fractal de objetos e como essa dimensão leva em conta características como aspereza e textura.",http://www.nemoc.uefs.br/arquivos/File/Folhetim/Folhetim136.pdf,Folhetim136.txt
137,Ano 13,Mar. - Abr. / 2007,"Esta edição traz uma análise da Geometria Fractal, focando na Curva de Koch e a questão da dimensão fractal. Este número explora como as iterações geram infinitas possibilidades, abordando o encontro do infinito potencial com o infinito atual no contexto geométrico.",http://www.nemoc.uefs.br/arquivos/File/Folhetim/Folhetim137.pdf,Folhetim137.txt
138,Ano 13,Mai. - Jun. / 2007,"Esta edição traz uma exploração detalhada do cálculo do comprimento da Curva Floco de Neve, demonstrando que a curva possui comprimento infinito apesar de ter uma superfície finita. Este volume examina como as propriedades dos objetos fractais, inspiradas na Curva de Koch e nas ideias de Poincaré e Hermita, desafiam a noção tradicional de dimensão e subdivisão geométrica.",http://www.nemoc.uefs.br/arquivos/File/Folhetim/Folhetim138.pdf,Folhetim138.txt
139,Ano 13,Jul. - Ago. / 2007,"Esta edição traz esclarecimentos conceituais sobre o Sistema Dinâmico, apresentando exemplos de atrator e discutindo o caos determinístico e o conceito de acaso. O número explora a relação entre sistemas dinâmicos, como o pêndulo simples, e a teoria da probabilidade.",http://www.nemoc.uefs.br/arquivos/File/Folhetim/Folhetim139.pdf,Folhetim139.txt
140,Ano 13,Set. - Out. / 2007,"Esta edição explora a dependência das condições iniciais em modelos matemáticos para previsões futuras, utilizando as equações de Lorenz como exemplo na meteorologia. O texto discute a não linearidade dos fenômenos naturais e a impossibilidade de modelar o futuro a longo prazo, introduzindo conceitos relacionados ao caos.",http://www.nemoc.uefs.br/arquivos/File/Folhetim/Folhetim140.pdf,Folhetim140.txt
141,Ano 14,Nov. - Dez / 2007,"Esta edição explora a relação entre caos e fractais, utilizando conceitos de sistemas dinâmicos como atratores e acaso. A análise se concentra em como a simplicidade matemática pode gerar complexidade, exemplificada pelo Conjunto de Mandelbrot, destacando a coexistência da complexidade com a simplicidade na natureza.",http://www.nemoc.uefs.br/arquivos/File/Folhetim/Folhetim141.pdf,Folhetim141.txt
142,Ano 14,Jan. - Fev. / 2008,"Esta edição aborda a questão da verdade absoluta na matemática e sua relação com fractais, explorando como a geometria não euclidiana e as estruturas fractais sugerem uma visão de 'todo' contido em suas partes. Este número examina a persistência do conceito de verdades absolutas na matemática e introduz a ideia de estruturas fractais como análogas às transições de fase.",http://www.nemoc.uefs.br/arquivos/File/Folhetim/Folhetim142.pdf,Folhetim142.txt
143,Ano 14,Mar. - Abr. / 2008,"Esta edição explora a conexão entre o ensino, a filosofia e a história da matemática, utilizando o Teorema de Pitágoras como ponto de partida metodológico. A presente edição analisa a necessidade de distinguir o essencial do superficial no ensino matemático, focando na importância de insistir nas ideias matemáticas em vez de apenas nos símbolos.",http://www.nemoc.uefs.br/arquivos/File/Folhetim/Folhetim143.pdf,Folhetim143.txt
144,Ano 14,Mai. - Jun. / 2008,"Esta edição aborda a investigação dos conceitos básicos da Matemática, como semelhança e o Teorema de Pitágoras, buscando sua razão de ser. Este número explora a aplicação das classes de equivalência para definir por abstração novos conceitos geométricos, ilustrando como a equivalência permite a formação de conjuntos infinitos.",http://www.nemoc.uefs.br/arquivos/File/Folhetim/Folhetim144.pdf,Folhetim144.txt
145,Ano 14,Jul. - Ago. / 2008,"Esta edição traz uma discussão sobre os conceitos de Forma e Fórmula, focando na Análise Dimensional como instrumento metodológico no ensino da Matemática e Física. O texto explora a contextualização do ensino através da relação entre as áreas, inspiradas pela história das teorias matemáticas.",http://www.nemoc.uefs.br/arquivos/File/Folhetim/Folhetim145.pdf,Folhetim145.txt
146,Ano 14,Set. - Out. / 2008,"Esta edição aborda questões introdutórias sobre estruturas matemáticas, como definições de Grupos e a aproximação à Teoria de Galois, além de discutir o conceito de Simetria. O texto também demonstra o Teorema de Pitágoras utilizando a Análise Dimensional e introduz conceitos de monóides e grupos através dos axiomas associativos, existência do elemento neutro e simétrico.",http://www.nemoc.uefs.br/arquivos/File/Folhetim/Folhetim146.pdf,Folhetim146.txt
147,Ano 14,Nov. - Dez. / 2008,"Esta edição aborda as definições de estruturas algébricas como monóide, semi-grupo e grupo. Este número explora a construção conceitual dos conceitos de demonóide e grupo a partir de um conceito mais simples, demonstrando a herança de propriedades entre eles. Este volume examina a importância do conceito de grupo para a Teoria de Galois.",http://www.nemoc.uefs.br/arquivos/File/Folhetim/Folhetim147.pdf,Folhetim147.txt
148,Ano 14,Jan. - Fev. / 2009,"Esta edição aborda a contestação de resultados matemáticos e o debate sobre a transcendência dos números, focando na natureza dos limites e nos métodos de prova matemática. Este volume examina a importância da lógica axiomática e a necessidade de questionar resultados estabelecidos, incentivando uma reflexão profunda sobre os fundamentos da Matemática.",http://www.nemoc.uefs.br/arquivos/File/Folhetim/Folhetim148.pdf,Folhetim148.txt
149,Ano 15,Mar. - Abr. / 2009,"Esta edição explora as ligações entre grupos, simetria e equações algébricas de grau superior. A presente edição analisa como conceitos simples de grupos permitem a compreensão de fenômenos físicos e a resolução de problemas complexos da álgebra, como a redução de equações do terceiro grau para o segundo grau.",http://www.nemoc.uefs.br/arquivos/File/Folhetim/Folhetim149.pdf,Folhetim149.txt
150,Ano 15,Mai. - Jun. / 2009,"Esta edição explora os fundamentos da teoria dos morfismos, como automorfismo e isomorfismo, aplicando-os a conceitos de álgebra e geometria. O texto detalha as relações entre magmas, monoides e suas transformações, introduzindo ideias sobre simetria, rotação e reflexão no contexto matemático.",http://www.nemoc.uefs.br/arquivos/File/Folhetim/Folhetim150.pdf,Folhetim150.txt
151,Ano 15,Jul. - Ago. / 2009,"Esta edição traz uma homenagem aos oitenta anos do matemático Elon Lages, destacando sua dedicação à divulgação científica e ao ensino da Matemática em diversos níveis. O texto explora a necessidade de competência para simplificar conceitos matemáticos, estabelecendo uma relação essencial entre o leitor e o escritor através do estilo convidativo e a paixão pelo tema.",http://www.nemoc.uefs.br/arquivos/File/Folhetim/Folhetim151.pdf,Folhetim151.txt
152,Ano 16,Set. - Out. / 2009,"Esta edição explora a relevância da simetria na percepção, ligando-a à Teoria dos Grupos e ao desenvolvimento das equações algébricas. A presente edição analisa como conceitos matemáticos, como a simetria bilateral, se manifestam nas regras fundamentais da matemática, sugerindo que a Matemática é a ciência do infinito.",http://www.nemoc.uefs.br/arquivos/File/Folhetim/Folhetim152.pdf,Folhetim152.txt
153,Ano 16,Mar. - Abr. / 2010,"Esta edição traz uma homenagem ao Professor Emérito Carloman Carlos Borges, destacando sua trajetória acadêmica e seu papel como incentivador de estudos avançados em Matemática. O número celebra o legado do professor e a rica bibliografia associada à área.",http://www.nemoc.uefs.br/arquivos/File/Folhetim/Folhetim153.pdf,Folhetim153.txt
154,Ano 16,Mai. - Jun. / 2010,"Esta edição aborda as origens, o objeto e os métodos da Matemática, explorando a tensão entre o caráter axiomático-dedutivo e a intuição construtiva. Este número examina as correntes filosóficas do Racionalismo e do Apriorismo no contexto histórico da ciência matemática.",http://www.nemoc.uefs.br/arquivos/File/Folhetim/Folhetim154.pdf,Folhetim154.txt
155,Ano 16,Jul. - Ago. / 2010,"Esta edição aborda as correntes filosóficas do Logicismo e do Realismo na Matemática, explorando a relação íntima entre Lógica e Matemática. Este número explora a interpretação logística de Bertrand Russell e os princípios dos axiomas matemáticos como princípios a priori da Lógica.",http://www.nemoc.uefs.br/arquivos/File/Folhetim/Folhetim155.pdf,Folhetim155.txt
156,Ano 17,Set. - Out. / 2010,"Esta edição aborda a continuação da discussão sobre as origens, o objeto e os métodos da Matemática, focando na evolução do Realismo e nas bases conceituais das operações aritméticas e suas leis fundamentais.",http://www.nemoc.uefs.br/arquivos/File/Folhetim/Folhetim156.pdf,Folhetim156.txt
157,Ano 17,Nov. - Dez. / 2010,"Esta edição traz uma exploração das origens do conhecimento matemático, focando no desenvolvimento da Geometria e da Aritmética. Este número examina sistemas de numeração, leis formais da adição e multiplicação, e o método axiomático. A presente edição analisa conceitos como o infinito potencial e o infinito atual ou acabado.",http://www.nemoc.uefs.br/arquivos/File/Folhetim/Folhetim157.pdf,Folhetim157.txt
158,Ano 17,Jan. - Fev. / 2011,"Esta edição traz uma continuidade da discussão sobre as origens, o objeto e os métodos da Matemática, focando na lógica clássica. Este número explora questões fundamentais como a validade de argumentos e demonstrações, refletindo sobre a natureza do conhecimento matemático.",http://www.nemoc.uefs.br/arquivos/File/Folhetim/Folhetim158.pdf,Folhetim158.txt
159,Ano 17,Mar. - Abr. / 2011,"Esta edição traz uma continuação da explanação de Carloman sobre a Lógica Clássica, adentrando no silogismo e a Geometria Euclidiana. Este número explora como os primeiros conceitos matemáticos nasceram de necessidades práticas e da observação da realidade, refletindo a capacidade criadora da razão humana.",http://www.nemoc.uefs.br/arquivos/File/Folhetim/Folhetim159.pdf,Folhetim159.txt
160,Ano 17,Mai. - Jun. / 2011,"Esta edição aborda a lógica clássica e exemplos de argumentos, explorando relações de implicação e falácias em contextos matemáticos. Este número examina como conceitos lógicos são utilizados em demonstrações matemáticas, tratando de figuras geométricas e relações entre conjuntos.",http://www.nemoc.uefs.br/arquivos/File/Folhetim/Folhetim160.pdf,Folhetim160.txt
161,Ano 17,Jul. - Ago. / 2011,"Esta edição traz considerações sobre falácias lógicas e o método de exaustão, além de apresentar exemplos da Axiomática de Peano, da Geometria Plana de Euclides e da Estática. O texto explora os axiomas relativos à Estática, como a resultante das forças e o princípio de rigidez.",http://www.nemoc.uefs.br/arquivos/File/Folhetim/Folhetim161.pdf,Folhetim161.txt
162,Ano 17,Set. - Out. / 2011,"Esta edição aborda a Axiomática dos Números Reais, discutindo os princípios de consistência, completude e independência, e introduz o Teorema de Gódel sobre proposições indecidíveis. Este volume examina como a axiomatização dos números reais estabelece a ideia de corpo ordenado completo.",http://www.nemoc.uefs.br/arquivos/File/Folhetim/Folhetim162.pdf,Folhetim162.txt
163,Ano 18,Nov. - Dez / 2011,"Esta edição aborda o desenvolvimento histórico e filosófico da Matemática, focando na discussão entre definições reais e usuais, e explorando os problemas do rigor e da verdade dentro da Axiomática. Este volume examina a historicidade dos conceitos matemáticos e a interdependência entre as ciências.",http://www.nemoc.uefs.br/arquivos/File/Folhetim/Folhetim163.pdf,Folhetim163.txt
164,Ano 18,Jan. - Fev. /2012,"Esta edição aborda o tópico ""As Demonstrações Matemáticas"", focando nas palavras definição e teorema, e como a axiomática da teoria deve nortear a razão. Este número também introduz o subtópico ""Indução Completa"" e explora as potencialidades da Matemática além do dedutivo, como intuição e imaginação criadora.",http://www.nemoc.uefs.br/arquivos/File/Folhetim/Folhetim164.pdf,Folhetim164.txt
165,Ano 18,Mar. - Abr. / 2012,"Esta edição aborda o Princípio de Indução Completa como método crucial para a obtenção de resultados na Teoria dos Números, como o Teorema Fundamental da Aritmética. Este número explora as definições por recorrência e demonstrações envolvendo propriedades comutativas, associativas e distributivas através deste princípio matemático.",http://www.nemoc.uefs.br/arquivos/File/Folhetim/Folhetim165.pdf,Folhetim165.txt
166,Ano 18,Mai. - Jun. / 2012,"Esta edição aborda as aplicações do Princípio de Indução Completa, demonstrando que postulados em uma axiomática podem ser teoremas em outra. O texto explora a utilidade da indução para demonstrar leis operatórias e fórmulas importantes no Cálculo Diferencial e Integral.",http://www.nemoc.uefs.br/arquivos/File/Folhetim/Folhetim166.pdf,Folhetim166.txt
167,Ano 18,Jul. - Ago. / 2012,"Esta edição traz comentários sobre a Indução Matemática, focando na importância da verificação das etapas do método de demonstração e na origem das proposições P(n). Este número explora o método empírico para a criação de proposições e discute a busca por um método geral para a criação científica.",http://www.nemoc.uefs.br/arquivos/File/Folhetim/Folhetim167.pdf,Folhetim167.txt
168,Ano 19,Set. - Out / 2012,"Esta edição traz uma exploração das Demonstrações Indiretas, utilizando a tautologia para estabelecer equivalências lógicas em propriedades de números racionais e irracionais, primos, conjuntos e geometria. O texto ilustra o emprego dessa lógica em exemplos práticos da teoria dos números.",http://www.nemoc.uefs.br/arquivos/File/Folhetim/Folhetim168.pdf,Folhetim168.txt
169,Ano 19,Nov. - Dez / 2012,"Esta edição aborda as demonstrações indiretas e diretas, ilustrando-as com conceitos de geometria e álgebra linear. O número explora as implicações filosóficas das demonstrações indiretas, apresentando argumentos da escola intuicionista contra a aceitação dessas formas de demonstração, ao mesmo tempo em que destaca sua importância para a evolução da Matemática como ciência.",http://www.nemoc.uefs.br/arquivos/File/Folhetim/Folhetim169.pdf,Folhetim169.txt
170,Ano 19,Jan. - Fev. / 2013,"Esta edição explora o Princípio de Indução Completa e sua aplicação na Teoria dos Números, destacando a importância do método para provar proposições em processos infinitos. Este número também aborda as definições por recorrência e como elas permitem provar propriedades matemáticas fundamentais.",http://www.nemoc.uefs.br/arquivos/File/Folhetim/Folhetim170.pdf,Folhetim170.txt
